[
  {
    "name": "theme_info",
    "theme_name": "Shapes",
    "theme_version": "1.4.5",
    "theme_author": "Switch Themes",
    "theme_documentation_url": "http://support.switchthemes.co",
    "theme_support_url": "http://support.switchthemes.co"
  },
  {
    "name": "Colors",
    "settings": [
      {
        "type": "header",
        "content": "Primary color scheme"
      },
      {
        "type": "color",
        "id": "color_primary_text",
        "label": "Text",
        "default": "#162317"
      },
      {
        "type": "color",
        "id": "color_primary_background",
        "label": "Background",
        "default": "#f4fbf2"
      },
      {
        "type": "color",
        "id": "color_primary_accent",
        "label": "Accent",
        "default": "#eb3131"
      },
      {
        "type": "color",
        "id": "color_primary_card",
        "label": "Card",
        "default": "#ffffff"
      },
      {
        "type": "color_background",
        "id": "color_primary_gradient",
        "label": "Gradient"
      },
      {
        "type": "header",
        "content": "Secondary color scheme"
      },
      {
        "type": "color",
        "id": "color_secondary_text",
        "label": "Text",
        "default": "#ffffff"
      },
      {
        "type": "color",
        "id": "color_secondary_background",
        "label": "Background",
        "default": "#162317"
      },
      {
        "type": "color",
        "id": "color_secondary_accent",
        "label": "Accent",
        "default": "#eb3131"
      },
      {
        "type": "color",
        "id": "color_secondary_card",
        "label": "Card",
        "default": "#ffffff"
      },
      {
        "type": "color_background",
        "id": "color_secondary_gradient",
        "label": "Gradient"
      },
      {
        "type": "header",
        "content": "Tertiary color scheme"
      },
      {
        "type": "color",
        "id": "color_tertiary_text",
        "label": "Text",
        "default": "#162317"
      },
      {
        "type": "color",
        "id": "color_tertiary_background",
        "label": "Background",
        "default": "#162317"
      },
      {
        "type": "color",
        "id": "color_tertiary_accent",
        "label": "Accent",
        "default": "#eb3131"
      },
      {
        "type": "color",
        "id": "color_tertiary_card",
        "label": "Card",
        "default": "#ffffff"
      },
      {
        "type": "color_background",
        "id": "color_tertiary_gradient",
        "label": "Gradient"
      },
      {
        "type": "header",
        "content": "Quaternary color scheme"
      },
      {
        "type": "color",
        "id": "color_quaternary_text",
        "label": "Text",
        "default": "#162317"
      },
      {
        "type": "color",
        "id": "color_quaternary_background",
        "label": "Background",
        "default": "#162317"
      },
      {
        "type": "color",
        "id": "color_quaternary_accent",
        "label": "Accent",
        "default": "#eb3131"
      },
      {
        "type": "color",
        "id": "color_quaternary_card",
        "label": "Card",
        "default": "#ffffff"
      },
      {
        "type": "color_background",
        "id": "color_quaternary_gradient",
        "label": "Gradient"
      },
      {
        "type": "header",
        "content": "Primary buttons"
      },
      {
        "type": "radio",
        "id": "button_color",
        "label": "Background color",
        "default": "text",
        "options": [
          {
            "value": "text",
            "label": "Text"
          },
          {
            "value": "accent",
            "label": "Accent"
          }
        ]
      },
      {
        "type": "select",
        "id": "button_text_color",
        "label": "Text color",
        "default": "automatic",
        "options": [
          {
            "value": "automatic",
            "label": "Automatic"
          },
          {
            "value": "background",
            "label": "Background"
          },
          {
            "value": "text",
            "label": "Text"
          },
          {
            "value": "accent",
            "label": "Accent"
          },
          {
            "value": "card",
            "label": "Card"
          }
        ]
      },
      {
        "type": "header",
        "content": "Form inputs and secondary buttons"
      },
      {
        "type": "radio",
        "id": "secondary_button_color",
        "label": "Background color",
        "default": "match_background",
        "options": [
          {
            "value": "match_background",
            "label": "Match background"
          },
          {
            "value": "card",
            "label": "Card"
          }
        ]
      },
      {
        "type": "header",
        "content": "Layout"
      },
      {
        "type": "color",
        "id": "color_border",
        "label": "Border color",
        "default": "#000000"
      },
      {
        "type": "select",
        "id": "drawer_color_scheme",
        "label": "Drawer color scheme",
        "default": "primary",
        "options": [
          {
            "value": "primary",
            "label": "Primary"
          },
          {
            "value": "secondary",
            "label": "Secondary"
          },
          {
            "value": "tertiary",
            "label": "Tertiary"
          },
          {
            "value": "quaternary",
            "label": "Quaternary"
          }
        ]
      },
      {
        "type": "checkbox",
        "id": "disable_color_contrast_check",
        "label": "Disable color contrast validation",
        "default": false
      }
    ]
  },
  {
    "name": "Typography",
    "settings": [
      {
        "type": "range",
        "id": "base_font_size",
        "min": 13,
        "max": 22,
        "step": 1,
        "unit": "px",
        "label": "Base font size",
        "default": 16
      },
      {
        "type": "range",
        "id": "base_line_height",
        "min": 1,
        "max": 2,
        "step": 0.1,
        "label": "Line height",
        "default": 1.2
      },
      {
        "type": "header",
        "content": "Headings"
      },
      {
        "type": "font_picker",
        "id": "type_heading_font",
        "label": "Font",
        "default": "crimson_text_n6"
      },
      {
        "type": "checkbox",
        "id": "heading_uppercase",
        "label": "Uppercase"
      },
      {
        "type": "range",
        "id": "heading_letterspacing",
        "min": -50,
        "max": 200,
        "step": 25,
        "label": "Letterspacing",
        "default": 0
      },
      {
        "type": "range",
        "id": "heading_line_height",
        "min": 1.0,
        "max": 1.5,
        "step": 0.1,
        "label": "Heading line height",
        "default": 1.1
      },
      {
        "type": "select",
        "id": "base_heading_size",
        "label": "Base size",
        "options": [
          {
            "value": "sm:sm",
            "label": "S"
          },
          {
            "value": "base:base",
            "label": "M"
          },
          {
            "value": "lg:lg",
            "label": "L"
          },
          {
            "value": "xl:xl",
            "label": "XL"
          },
          {
            "value": "2xl:2xl",
            "label": "2XL"
          },
          {
            "value": "2xl:3xl",
            "label": "2XL / desktop 3XL"
          },
          {
            "value": "2xl:4xl",
            "label": "2XL / desktop 4XL"
          },
          {
            "value": "2xl:5xl",
            "label": "2XL / desktop 5XL"
          },
          {
            "value": "2xl:6xl",
            "label": "2XL / desktop 6XL"
          },
          {
            "value": "2xl:7xl",
            "label": "2XL / desktop 7XL"
          }
        ],
        "default": "lg:lg",
        "info": "Used for section titles and main section headings"
      },
      {
        "type": "select",
        "id": "template_heading_size",
        "label": "Template size",
        "options": [
          {
            "value": "sm:sm",
            "label": "S"
          },
          {
            "value": "base:base",
            "label": "M"
          },
          {
            "value": "lg:lg",
            "label": "L"
          },
          {
            "value": "xl:xl",
            "label": "XL"
          },
          {
            "value": "2xl:2xl",
            "label": "2XL"
          },
          {
            "value": "2xl:3xl",
            "label": "2XL / desktop 3XL"
          },
          {
            "value": "2xl:4xl",
            "label": "2XL / desktop 4XL"
          },
          {
            "value": "2xl:5xl",
            "label": "2XL / desktop 5XL"
          },
          {
            "value": "2xl:6xl",
            "label": "2XL / desktop 6XL"
          },
          {
            "value": "2xl:7xl",
            "label": "2XL / desktop 7XL"
          },
          {
            "value": "2xl:8xl",
            "label": "2XL / desktop 8XL"
          },
          {
            "value": "2xl:9xl",
            "label": "2XL / desktop 9XL"
          }
        ],
        "default": "2xl:3xl",
        "info": "Used for product, collection, article and page templates"
      },
      {
        "type": "select",
        "id": "secondary_heading_size",
        "label": "Secondary size",
        "options": [
          {
            "value": "sm:sm",
            "label": "S"
          },
          {
            "value": "base:base",
            "label": "M"
          },
          {
            "value": "lg:lg",
            "label": "L"
          },
          {
            "value": "xl:xl",
            "label": "XL"
          },
          {
            "value": "2xl:2xl",
            "label": "2XL"
          }
        ],
        "default": "base:base",
        "info": "Used for blog post grid, text columns with images and other secondary headings"
      },
      {
        "type": "header",
        "content": "Main"
      },
      {
        "type": "font_picker",
        "id": "type_main_font",
        "label": "Font",
        "default": "karla_n4"
      },
      {
        "type": "header",
        "content": "Extras"
      },
      {
        "type": "select",
        "id": "header_font",
        "label": "Header font",
        "options": [
          {
            "value": "font-main",
            "label": "Body"
          },
          {
            "value": "font-heading",
            "label": "Heading"
          }
        ],
        "default": "font-main"
      },
      {
        "type": "checkbox",
        "id": "header_uppercase",
        "label": "Uppercase header"
      },
      {
        "type": "checkbox",
        "id": "product_tile_uppercase",
        "label": "Uppercase product tiles"
      },
      {
        "type": "checkbox",
        "id": "button_uppercase",
        "label": "Uppercase buttons"
      },
      {
        "type": "checkbox",
        "id": "stickers_uppercase",
        "label": "Uppercase stickers"
      }
    ]
  },
  {
    "name": "Layout",
    "settings": [
      {
        "type": "select",
        "id": "vertical_spacing_between_sections",
        "label": "Vertical spacing between sections",
        "default": "2rem:4rem",
        "options": [
          {
            "value": "1rem:2rem",
            "label": "Small"
          },
          {
            "value": "2rem:4rem",
            "label": "Medium"
          },
          {
            "value": "4rem:8rem",
            "label": "Large"
          }
        ]
      },
      {
        "type": "checkbox",
        "id": "show_border_between_sections",
        "label": "Show border between sections"
      },
      {
        "type": "range",
        "id": "section_border_thickness",
        "min": 1,
        "max": 4,
        "step": 1,
        "unit": "px",
        "label": "Thickness",
        "default": 1
      }
    ]
  },
  {
    "name": "Heading effects",
    "settings": [
      {
        "type": "checkbox",
        "id": "apply_to_base_headings",
        "label": "Apply style to base headings",
        "default": true
      },
      {
        "type": "checkbox",
        "id": "apply_to_template_headings",
        "label": "Apply style to template headings",
        "default": true
      },
      {
        "type": "checkbox",
        "id": "apply_to_secondary_headings",
        "label": "Apply style to secondary headings",
        "default": false
      },
      {
        "type": "header",
        "content": "Color"
      },
      {
        "type": "select",
        "id": "heading_color",
        "label": "Text color",
        "default": "color-scheme-text",
        "options": [
          {
            "value": "color-scheme-text",
            "label": "Text"
          },
          {
            "value": "color-scheme-accent",
            "label": "Accent"
          },
          {
            "value": "color-scheme-background",
            "label": "Background"
          }
        ]
      },
      {
        "type": "header",
        "content": "Stroke"
      },
      {
        "type": "range",
        "id": "heading_stroke_thickness",
        "min": 0,
        "max": 4,
        "step": 1,
        "unit": "px",
        "label": "Thickness",
        "default": 1
      },
      {
        "type": "radio",
        "id": "heading_stroke_color",
        "label": "Color",
        "default": "color-scheme-text",
        "options": [
          {
            "value": "color-scheme-text",
            "label": "Text"
          },
          {
            "value": "color-scheme-accent",
            "label": "Accent"
          }
        ]
      },
      {
        "type": "header",
        "content": "Shadow"
      },
      {
        "type": "select",
        "id": "heading_drop_shadow_style",
        "label": "Style",
        "default": "none",
        "options": [
          {
            "value": "none",
            "label": "None"
          },
          {
            "value": "drop_shadow",
            "label": "Drop shadow"
          },
          {
            "value": "full_shadow",
            "label": "Full shadow"
          }
        ]
      },
      {
        "type": "range",
        "id": "heading_drop_shadow_size",
        "min": 0,
        "max": 20,
        "step": 1,
        "unit": "em",
        "label": "Size",
        "default": 10
      },
      {
        "type": "select",
        "id": "heading_drop_shadow_color",
        "label": "Color",
        "default": "color-scheme-accent",
        "options": [
          {
            "value": "color-scheme-text",
            "label": "Text"
          },
          {
            "value": "color-scheme-accent",
            "label": "Accent"
          },
          {
            "value": "color-scheme-card",
            "label": "Card"
          }
        ]
      }
    ]
  },
  {
    "name": "Buttons",
    "settings": [
      {
        "type": "select",
        "id": "button_border_radius",
        "label": "Border radius",
        "options": [
          {
            "value": "0",
            "label": "None"
          },
          {
            "value": "0.375rem",
            "label": "Rounded small"
          },
          {
            "value": "0.5rem",
            "label": "Rounded medium"
          },
          {
            "value": "9999px",
            "label": "Rounded full"
          }
        ]
      },
      {
        "type": "header",
        "content": "Border"
      },
      {
        "type": "range",
        "id": "button_border_width",
        "min": 0,
        "max": 5,
        "step": 1,
        "unit": "px",
        "label": "Width",
        "default": 1,
        "info": "Set to 0 to show no border"
      },
      {
        "type": "header",
        "content": "Shadow"
      },
      {
        "type": "range",
        "id": "button_drop_shadow_size",
        "min": 0,
        "max": 10,
        "step": 1,
        "unit": "px",
        "label": "Size",
        "default": 5
      },
      {
        "type": "select",
        "id": "button_shadow_color",
        "label": "Color",
        "default": "color-scheme-accent",
        "options": [
          {
            "value": "transparent",
            "label": "Transparent"
          },
          {
            "value": "color-scheme-text",
            "label": "Text"
          },
          {
            "value": "color-scheme-accent",
            "label": "Accent"
          },
          {
            "value": "color-scheme-card",
            "label": "Card"
          },
          {
            "value": "color-scheme-gradient",
            "label": "Gradient"
          }
        ]
      },
      {
        "type": "select",
        "id": "button_shadow_direction",
        "label": "Shadow direction",
        "default": "bottom_right",
        "options": [
          {
            "value": "bottom_right",
            "label": "Bottom right"
          },
          {
            "value": "bottom",
            "label": "Bottom"
          },
          {
            "value": "bottom_left",
            "label": "Bottom left"
          },
          {
            "value": "top_right",
            "label": "Top right"
          },
          {
            "value": "top",
            "label": "Top"
          },
          {
            "value": "top_left",
            "label": "Top left"
          }
        ]
      },
      {
        "type": "checkbox",
        "id": "button_show_border_on_shadow",
        "label": "Show border on shadow",
        "info": "Border color and width will use border settings above."
      }
    ]
  },
  {
    "name": "Stickers",
    "settings": [
      {
        "type": "select",
        "id": "sticker_border_radius",
        "label": "Border radius",
        "options": [
          {
            "value": "0",
            "label": "None"
          },
          {
            "value": "0.375rem",
            "label": "Rounded small"
          },
          {
            "value": "0.5rem",
            "label": "Rounded medium"
          },
          {
            "value": "9999px",
            "label": "Rounded full"
          }
        ]
      },
      {
        "type": "header",
        "content": "Border"
      },
      {
        "type": "range",
        "id": "sticker_border_width",
        "min": 0,
        "max": 5,
        "step": 1,
        "unit": "px",
        "label": "Width",
        "default": 1,
        "info": "Set to 0 to show no border"
      },
      {
        "type": "radio",
        "id": "sticker_border_color",
        "label": "Color",
        "default": "color-scheme-text",
        "options": [
          {
            "value": "color-scheme-text",
            "label": "Text"
          },
          {
            "value": "color-scheme-accent",
            "label": "Accent"
          }
        ]
      },
      {
        "type": "header",
        "content": "Shadow"
      },
      {
        "type": "range",
        "id": "sticker_drop_shadow_size",
        "min": 0,
        "max": 10,
        "step": 1,
        "unit": "px",
        "label": "Size",
        "default": 5
      },
      {
        "type": "select",
        "id": "sticker_shadow_color",
        "label": "Color",
        "default": "color-scheme-accent",
        "options": [
          {
            "value": "transparent",
            "label": "Transparent"
          },
          {
            "value": "color-scheme-text",
            "label": "Text"
          },
          {
            "value": "color-scheme-accent",
            "label": "Accent"
          },
          {
            "value": "color-scheme-card",
            "label": "Card"
          },
          {
            "value": "color-scheme-gradient",
            "label": "Gradient"
          }
        ]
      },
      {
        "type": "select",
        "id": "sticker_shadow_direction",
        "label": "Shadow direction",
        "default": "bottom_right",
        "options": [
          {
            "value": "bottom_right",
            "label": "Bottom right"
          },
          {
            "value": "bottom",
            "label": "Bottom"
          },
          {
            "value": "bottom_left",
            "label": "Bottom left"
          },
          {
            "value": "top_right",
            "label": "Top right"
          },
          {
            "value": "top",
            "label": "Top"
          },
          {
            "value": "top_left",
            "label": "Top left"
          }
        ]
      },
      {
        "type": "checkbox",
        "id": "sticker_show_border_on_shadow",
        "label": "Show border on shadow",
        "info": "Border color and width will use border settings above."
      }
    ]
  },
  {
    "name": "Cards",
    "settings": [
      {
        "type": "select",
        "id": "card_border_radius",
        "label": "Border radius",
        "options": [
          {
            "value": "0",
            "label": "None"
          },
          {
            "value": "0.375rem",
            "label": "Rounded small"
          },
          {
            "value": "1rem",
            "label": "Rounded medium"
          },
          {
            "value": "2rem",
            "label": "Rounded large"
          }
        ]
      },
      {
        "type": "header",
        "content": "Border"
      },
      {
        "type": "range",
        "id": "card_border_width",
        "min": 0,
        "max": 5,
        "step": 1,
        "unit": "px",
        "label": "Width",
        "default": 1,
        "info": "Set to 0 to show no border"
      },
      {
        "type": "radio",
        "id": "card_border_color",
        "label": "Color",
        "default": "color-scheme-text",
        "options": [
          {
            "value": "color-scheme-text",
            "label": "Text"
          },
          {
            "value": "color-scheme-accent",
            "label": "Accent"
          }
        ]
      },
      {
        "type": "header",
        "content": "Shadow"
      },
      {
        "type": "range",
        "id": "card_drop_shadow_size",
        "min": 0,
        "max": 20,
        "step": 1,
        "unit": "px",
        "label": "Size",
        "default": 10
      },
      {
        "type": "select",
        "id": "card_shadow_style",
        "label": "Style",
        "default": "full",
        "options": [
          {
            "value": "full",
            "label": "Full color"
          },
          {
            "value": "diagonal_lines",
            "label": "Diagonal lines"
          },
          {
            "value": "zig_zag",
            "label": "Zig Zag"
          },
          {
            "value": "waves",
            "label": "Waves"
          },
          {
            "value": "square_dots",
            "label": "Square dots"
          },
          {
            "value": "circle_dots",
            "label": "Circle dots"
          }
        ]
      },
      {
        "type": "select",
        "id": "card_shadow_color",
        "label": "Color",
        "default": "color-scheme-accent",
        "options": [
          {
            "value": "transparent",
            "label": "Transparent"
          },
          {
            "value": "color-scheme-text",
            "label": "Text"
          },
          {
            "value": "color-scheme-accent",
            "label": "Accent"
          },
          {
            "value": "color-scheme-card",
            "label": "Card"
          },
          {
            "value": "color-scheme-gradient",
            "label": "Gradient"
          }
        ]
      },
      {
        "type": "select",
        "id": "card_shadow_direction",
        "label": "Shadow direction",
        "default": "bottom_right",
        "options": [
          {
            "value": "bottom_right",
            "label": "Bottom right"
          },
          {
            "value": "bottom",
            "label": "Bottom"
          },
          {
            "value": "bottom_left",
            "label": "Bottom left"
          },
          {
            "value": "top_right",
            "label": "Top right"
          },
          {
            "value": "top",
            "label": "Top"
          },
          {
            "value": "top_left",
            "label": "Top left"
          }
        ]
      },
      {
        "type": "checkbox",
        "id": "card_show_border_on_shadow",
        "label": "Show border on shadow",
        "info": "Border color and width will use border settings above."
      }
    ]
  },
  {
    "name": "Media",
    "settings": [
      {
        "type": "paragraph",
        "content": "Set up default media style for images and video. Media styles can be further extended or removed in specific sections."
      },
      {
        "type": "select",
        "id": "media_border_radius",
        "label": "Border radius",
        "options": [
          {
            "value": "0",
            "label": "None"
          },
          {
            "value": "0.375rem",
            "label": "Rounded small"
          },
          {
            "value": "1rem",
            "label": "Rounded medium"
          },
          {
            "value": "2rem",
            "label": "Rounded large"
          }
        ]
      },
      {
        "type": "header",
        "content": "Border"
      },
      {
        "type": "range",
        "id": "media_border_width",
        "min": 0,
        "max": 5,
        "step": 1,
        "unit": "px",
        "label": "Width",
        "default": 1,
        "info": "Set to 0 to show no border"
      },
      {
        "type": "radio",
        "id": "media_border_color",
        "label": "Color",
        "default": "color-scheme-text",
        "options": [
          {
            "value": "color-scheme-text",
            "label": "Text"
          },
          {
            "value": "color-scheme-accent",
            "label": "Accent"
          }
        ]
      },
      {
        "type": "header",
        "content": "Shadow"
      },
      {
        "type": "paragraph",
        "content": "Shadow will not display if media is inside a card."
      },
      {
        "type": "range",
        "id": "media_drop_shadow_size",
        "min": 0,
        "max": 20,
        "step": 1,
        "unit": "px",
        "label": "Size",
        "default": 10
      },
      {
        "type": "select",
        "id": "media_shadow_style",
        "label": "Style",
        "default": "full",
        "options": [
          {
            "value": "full",
            "label": "Full color"
          },
          {
            "value": "diagonal_lines",
            "label": "Diagonal lines"
          },
          {
            "value": "zig_zag",
            "label": "Zig Zag"
          },
          {
            "value": "waves",
            "label": "Waves"
          },
          {
            "value": "square_dots",
            "label": "Square dots"
          },
          {
            "value": "circle_dots",
            "label": "Circle dots"
          }
        ]
      },
      {
        "type": "select",
        "id": "media_shadow_color",
        "label": "Color",
        "default": "color-scheme-accent",
        "options": [
          {
            "value": "transparent",
            "label": "Transparent"
          },
          {
            "value": "color-scheme-text",
            "label": "Text"
          },
          {
            "value": "color-scheme-accent",
            "label": "Accent"
          },
          {
            "value": "color-scheme-card",
            "label": "Card"
          },
          {
            "value": "color-scheme-gradient",
            "label": "Gradient"
          }
        ],
        "info": "Gradient will fallback to border color if shadow style is set to border."
      },
      {
        "type": "select",
        "id": "media_shadow_direction",
        "label": "Shadow direction",
        "default": "bottom_right",
        "options": [
          {
            "value": "bottom_right",
            "label": "Bottom right"
          },
          {
            "value": "bottom",
            "label": "Bottom"
          },
          {
            "value": "bottom_left",
            "label": "Bottom left"
          },
          {
            "value": "top_right",
            "label": "Top right"
          },
          {
            "value": "top",
            "label": "Top"
          },
          {
            "value": "top_left",
            "label": "Top left"
          }
        ]
      },
      {
        "type": "checkbox",
        "id": "media_show_border_on_shadow",
        "label": "Show border on shadow",
        "info": "Border color and width will use border settings above."
      }
    ]
  },
  {
    "name": "Icons",
    "settings": [
      {
        "type": "range",
        "id": "icon_thickness",
        "min": 1.0,
        "max": 2.0,
        "step": 0.1,
        "label": "Thickness",
        "default": 1.5,
        "info": "Applies to all icons except social icons."
      }
    ]
  },
  {
    "name": "Product tiles",
    "settings": [
      {
        "type": "checkbox",
        "id": "product_tiles_show_vendor",
        "label": "Show vendor"
      },
      {
        "type": "checkbox",
        "id": "product_tiles_second_image_on_hover",
        "label": "Show second image on hover",
        "default": false
      },
      {
        "type": "checkbox",
        "id": "product_tiles_scatter",
        "label": "Scatter product tiles"
      },
      {
        "type": "select",
        "id": "product_tiles_aspect_ratio",
        "label": "Image aspect ratio",
        "options": [
          {
            "value": "natural",
            "label": "Natural"
          },
          {
            "value": "aspect-w-4 aspect-h-3",
            "label": "Landscape"
          },
          {
            "value": "aspect-w-1 aspect-h-1",
            "label": "Square"
          },
          {
            "value": "aspect-w-3 aspect-h-4",
            "label": "Portrait"
          }
        ],
        "default": "natural"
      },
      {
        "type": "select",
        "id": "product_tile_media_shape",
        "label": "Image shape",
        "options": [
          {
            "value": "default",
            "label": "Default",
            "group": "Fit to image"
          },
          {
            "value": "default_ellipse",
            "label": "Ellipse",
            "group": "Fit to image"
          },
          {
            "value": "default_pill",
            "label": "Pill",
            "group": "Fit to image"
          },
          {
            "value": "default_archway",
            "label": "Archway",
            "group": "Fit to image"
          },
          {
            "value": "diamond",
            "label": "Diamond",
            "group": "Basic"
          },
          {
            "value": "triangle_1",
            "label": "Triangle 1",
            "group": "Basic"
          },
          {
            "value": "triangle_2",
            "label": "Triangle 2",
            "group": "Basic"
          },
          {
            "value": "pentagon",
            "label": "Pentagon",
            "group": "Polygons"
          },
          {
            "value": "hexagon",
            "label": "Hexagon",
            "group": "Polygons"
          },
          {
            "value": "heptagon",
            "label": "Heptagon",
            "group": "Polygons"
          },
          {
            "value": "octagon",
            "label": "Octagon",
            "group": "Polygons"
          },
          {
            "value": "rounded_pentagon",
            "label": "Rounded pentagon",
            "group": "Polygons"
          },
          {
            "value": "rounded_hexagon",
            "label": "Rounded hexagon",
            "group": "Polygons"
          },
          {
            "value": "rounded_heptagon",
            "label": "Rounded heptagon",
            "group": "Polygons"
          },
          {
            "value": "rounded_octagon",
            "label": "Rounded octagon",
            "group": "Polygons"
          },
          {
            "value": "star_1",
            "label": "Star 1",
            "group": "Circular"
          },
          {
            "value": "star_2",
            "label": "Star 2",
            "group": "Circular"
          },
          {
            "value": "star_3",
            "label": "Star 3",
            "group": "Circular"
          },
          {
            "value": "star_4",
            "label": "Star 4",
            "group": "Circular"
          },
          {
            "value": "scalloped_circle_1",
            "label": "Scalloped circle 1",
            "group": "Circular"
          },
          {
            "value": "scalloped_circle_2",
            "label": "Scalloped circle 2",
            "group": "Circular"
          },
          {
            "value": "scalloped_circle_3",
            "label": "Scalloped circle 3",
            "group": "Circular"
          },
          {
            "value": "scalloped_circle_4",
            "label": "Scalloped circle 4",
            "group": "Circular"
          },
          {
            "value": "parallelogram",
            "label": "Parallelogram",
            "group": "Square"
          },
          {
            "value": "scalloped_square",
            "label": "Scalloped",
            "group": "Square"
          },
          {
            "value": "leaf",
            "label": "Leaf",
            "group": "Square"
          },
          {
            "value": "clipped_square",
            "label": "Clipped",
            "group": "Square"
          },
          {
            "value": "convex_square",
            "label": "Convex",
            "group": "Square"
          },
          {
            "value": "twisted_square",
            "label": "Twisted",
            "group": "Square"
          },
          {
            "value": "trapeze",
            "label": "Trapeze",
            "group": "Square"
          },
          {
            "value": "blob",
            "label": "Blobs",
            "group": "Miscellaneous"
          },
          {
            "value": "zig_zag",
            "label": "Zig zag",
            "group": "Miscellaneous"
          },
          {
            "value": "zig_zag_tear",
            "label": "Zig zag tear",
            "group": "Miscellaneous"
          },
          {
            "value": "wave_tear",
            "label": "Wave tear",
            "group": "Miscellaneous"
          },
          {
            "value": "flower",
            "label": "Flower",
            "group": "Miscellaneous"
          },
          {
            "value": "concave",
            "label": "Concave",
            "group": "Miscellaneous"
          },
          {
            "value": "cross",
            "label": "Cross",
            "group": "Miscellaneous"
          },
          {
            "value": "quatrefoil",
            "label": "Quatrefoil",
            "group": "Miscellaneous"
          },
          {
            "value": "wind",
            "label": "Wind",
            "group": "Miscellaneous"
          },
          {
            "value": "heart",
            "label": "Heart",
            "group": "Miscellaneous"
          },
          {
            "value": "mirrored_pyramids",
            "label": "Mirrored pyramids",
            "group": "Miscellaneous"
          },
          {
            "value": "plus",
            "label": "Plus",
            "group": "Miscellaneous"
          },
          {
            "value": "double_pill",
            "label": "Double pill",
            "group": "Miscellaneous"
          },
          {
            "value": "triple_pill",
            "label": "Triple pill",
            "group": "Miscellaneous"
          },
          {
            "value": "crown",
            "label": "Crown",
            "group": "Miscellaneous"
          },
          {
            "value": "abstract_star",
            "label": "Abstract star",
            "group": "Miscellaneous"
          }
        ],
        "info": "Selecting some shapes will crop the image. [Learn more](https://docs.switchthemes.co/shapes/guides/style-images-with-shapes.html)"
      },
      {
        "type": "header",
        "content": "Badges"
      },
      {
        "type": "checkbox",
        "id": "show_on_sale_and_sold_out_badges",
        "label": "Show on sale and sold out badges",
        "default": true
      },
      {
        "type": "select",
        "id": "on_sale_badge_shape",
        "label": "On sale badge shape",
        "options": [
          {
            "value": "circle",
            "label": "Circle",
            "group": "Circular"
          },
          {
            "value": "star_1",
            "label": "Star 1",
            "group": "Circular"
          },
          {
            "value": "star_2",
            "label": "Star 2",
            "group": "Circular"
          },
          {
            "value": "star_3",
            "label": "Star 3",
            "group": "Circular"
          },
          {
            "value": "star_4",
            "label": "Star 4",
            "group": "Circular"
          },
          {
            "value": "scalloped_circle_1",
            "label": "Scalloped circle 1",
            "group": "Circular"
          },
          {
            "value": "scalloped_circle_2",
            "label": "Scalloped circle 2",
            "group": "Circular"
          },
          {
            "value": "scalloped_circle_3",
            "label": "Scalloped circle 3",
            "group": "Circular"
          },
          {
            "value": "scalloped_circle_4",
            "label": "Scalloped circle 4",
            "group": "Circular"
          },
          {
            "value": "parallelogram",
            "label": "Parallelogram",
            "group": "Square"
          },
          {
            "value": "scalloped_square",
            "label": "Scalloped",
            "group": "Square"
          },
          {
            "value": "leaf",
            "label": "Leaf",
            "group": "Square"
          },
          {
            "value": "clipped_square",
            "label": "Clipped",
            "group": "Square"
          },
          {
            "value": "convex_square",
            "label": "Convex",
            "group": "Square"
          },
          {
            "value": "twisted_square",
            "label": "Twisted",
            "group": "Square"
          },
          {
            "value": "trapeze",
            "label": "Trapeze",
            "group": "Square"
          },
          {
            "value": "ellipse",
            "label": "Ellipse",
            "group": "Wide"
          },
          {
            "value": "diamond_wide",
            "label": "Diamond",
            "group": "Wide"
          },
          {
            "value": "rounded_diamond_wide",
            "label": "Rounded diamond",
            "group": "Wide"
          },
          {
            "value": "triangle_wide",
            "label": "Triangle",
            "group": "Wide"
          },
          {
            "value": "hexagon_wide",
            "label": "Hexagon",
            "group": "Wide"
          },
          {
            "value": "rounded_hexagon",
            "label": "Rounded hexagon",
            "group": "Wide"
          },
          {
            "value": "uneven_star_wide",
            "label": "Uneven star",
            "group": "Wide"
          },
          {
            "value": "star_wide",
            "label": "Star",
            "group": "Wide"
          },
          {
            "value": "semicircle",
            "label": "Semicircle",
            "group": "Wide"
          },
          {
            "value": "eye",
            "label": "Eye",
            "group": "Wide"
          },
          {
            "value": "parallelogram_wide",
            "label": "Parallelogram",
            "group": "Wide"
          },
          {
            "value": "ribbon",
            "label": "Ribbon",
            "group": "Wide"
          },
          {
            "value": "ticket_stub",
            "label": "Ticket stub",
            "group": "Wide"
          },
          {
            "value": "wave_ribbon",
            "label": "Wave ribbon",
            "group": "Wide"
          },
          {
            "value": "zig_zag_ribbon",
            "label": "Zig zag ribbon",
            "group": "Wide"
          }
        ],
        "default": "ticket_stub"
      },
      {
        "type": "select",
        "id": "sold_out_badge_shape",
        "label": "Sold out badge shape",
        "options": [
          {
            "value": "circle",
            "label": "Circle",
            "group": "Circular"
          },
          {
            "value": "star_1",
            "label": "Star 1",
            "group": "Circular"
          },
          {
            "value": "star_2",
            "label": "Star 2",
            "group": "Circular"
          },
          {
            "value": "star_3",
            "label": "Star 3",
            "group": "Circular"
          },
          {
            "value": "star_4",
            "label": "Star 4",
            "group": "Circular"
          },
          {
            "value": "scalloped_circle_1",
            "label": "Scalloped circle 1",
            "group": "Circular"
          },
          {
            "value": "scalloped_circle_2",
            "label": "Scalloped circle 2",
            "group": "Circular"
          },
          {
            "value": "scalloped_circle_3",
            "label": "Scalloped circle 3",
            "group": "Circular"
          },
          {
            "value": "scalloped_circle_4",
            "label": "Scalloped circle 4",
            "group": "Circular"
          },
          {
            "value": "parallelogram",
            "label": "Parallelogram",
            "group": "Square"
          },
          {
            "value": "scalloped_square",
            "label": "Scalloped",
            "group": "Square"
          },
          {
            "value": "leaf",
            "label": "Leaf",
            "group": "Square"
          },
          {
            "value": "clipped_square",
            "label": "Clipped",
            "group": "Square"
          },
          {
            "value": "convex_square",
            "label": "Convex",
            "group": "Square"
          },
          {
            "value": "twisted_square",
            "label": "Twisted",
            "group": "Square"
          },
          {
            "value": "trapeze",
            "label": "Trapeze",
            "group": "Square"
          },
          {
            "value": "ellipse",
            "label": "Ellipse",
            "group": "Wide"
          },
          {
            "value": "diamond_wide",
            "label": "Diamond",
            "group": "Wide"
          },
          {
            "value": "rounded_diamond_wide",
            "label": "Rounded diamond",
            "group": "Wide"
          },
          {
            "value": "triangle_wide",
            "label": "Triangle",
            "group": "Wide"
          },
          {
            "value": "hexagon_wide",
            "label": "Hexagon",
            "group": "Wide"
          },
          {
            "value": "rounded_hexagon",
            "label": "Rounded hexagon",
            "group": "Wide"
          },
          {
            "value": "uneven_star_wide",
            "label": "Uneven star",
            "group": "Wide"
          },
          {
            "value": "star_wide",
            "label": "Star",
            "group": "Wide"
          },
          {
            "value": "semicircle",
            "label": "Semicircle",
            "group": "Wide"
          },
          {
            "value": "eye",
            "label": "Eye",
            "group": "Wide"
          },
          {
            "value": "parallelogram_wide",
            "label": "Parallelogram",
            "group": "Wide"
          },
          {
            "value": "ribbon",
            "label": "Ribbon",
            "group": "Wide"
          },
          {
            "value": "ticket_stub",
            "label": "Ticket stub",
            "group": "Wide"
          },
          {
            "value": "wave_ribbon",
            "label": "Wave ribbon",
            "group": "Wide"
          },
          {
            "value": "zig_zag_ribbon",
            "label": "Zig zag ribbon",
            "group": "Wide"
          }
        ],
        "default": "ribbon"
      },
      {
        "type": "header",
        "content": "Metafield badge"
      },
      {
        "type": "text",
        "id": "product_tile_metafield_badge",
        "label": "Metafield key",
        "info": "Add metafield key with the namespace shapes_theme. [Learn more](https://docs.switchthemes.co/shapes/guides/show-custom-badges.html)"
      },
      {
        "type": "select",
        "id": "metafield_badge_shape",
        "label": "Metafield badge shape",
        "options": [
          {
            "value": "circle",
            "label": "Circle",
            "group": "Circular"
          },
          {
            "value": "star_1",
            "label": "Star 1",
            "group": "Circular"
          },
          {
            "value": "star_2",
            "label": "Star 2",
            "group": "Circular"
          },
          {
            "value": "star_3",
            "label": "Star 3",
            "group": "Circular"
          },
          {
            "value": "star_4",
            "label": "Star 4",
            "group": "Circular"
          },
          {
            "value": "scalloped_circle_1",
            "label": "Scalloped circle 1",
            "group": "Circular"
          },
          {
            "value": "scalloped_circle_2",
            "label": "Scalloped circle 2",
            "group": "Circular"
          },
          {
            "value": "scalloped_circle_3",
            "label": "Scalloped circle 3",
            "group": "Circular"
          },
          {
            "value": "scalloped_circle_4",
            "label": "Scalloped circle 4",
            "group": "Circular"
          },
          {
            "value": "parallelogram",
            "label": "Parallelogram",
            "group": "Square"
          },
          {
            "value": "scalloped_square",
            "label": "Scalloped",
            "group": "Square"
          },
          {
            "value": "leaf",
            "label": "Leaf",
            "group": "Square"
          },
          {
            "value": "clipped_square",
            "label": "Clipped",
            "group": "Square"
          },
          {
            "value": "convex_square",
            "label": "Convex",
            "group": "Square"
          },
          {
            "value": "twisted_square",
            "label": "Twisted",
            "group": "Square"
          },
          {
            "value": "trapeze",
            "label": "Trapeze",
            "group": "Square"
          },
          {
            "value": "ellipse",
            "label": "Ellipse",
            "group": "Wide"
          },
          {
            "value": "diamond_wide",
            "label": "Diamond",
            "group": "Wide"
          },
          {
            "value": "rounded_diamond_wide",
            "label": "Rounded diamond",
            "group": "Wide"
          },
          {
            "value": "triangle_wide",
            "label": "Triangle",
            "group": "Wide"
          },
          {
            "value": "hexagon_wide",
            "label": "Hexagon",
            "group": "Wide"
          },
          {
            "value": "rounded_hexagon",
            "label": "Rounded hexagon",
            "group": "Wide"
          },
          {
            "value": "uneven_star_wide",
            "label": "Uneven star",
            "group": "Wide"
          },
          {
            "value": "star_wide",
            "label": "Star",
            "group": "Wide"
          },
          {
            "value": "semicircle",
            "label": "Semicircle",
            "group": "Wide"
          },
          {
            "value": "eye",
            "label": "Eye",
            "group": "Wide"
          },
          {
            "value": "parallelogram_wide",
            "label": "Parallelogram",
            "group": "Wide"
          },
          {
            "value": "ribbon",
            "label": "Ribbon",
            "group": "Wide"
          },
          {
            "value": "ticket_stub",
            "label": "Ticket stub",
            "group": "Wide"
          },
          {
            "value": "wave_ribbon",
            "label": "Wave ribbon",
            "group": "Wide"
          },
          {
            "value": "zig_zag_ribbon",
            "label": "Zig zag ribbon",
            "group": "Wide"
          }
        ],
        "default": "scalloped_circle_1"
      }
    ]
  },
  {
    "name": "Animations",
    "settings": [
      {
        "type": "range",
        "id": "parallax_intensity",
        "min": 0,
        "max": 100,
        "step": 1,
        "unit": "%",
        "label": "Parallax intensity",
        "info": "Adjust the level of parallax animations. [Learn more](https://docs.switchthemes.co/)",
        "default": 50
      }
    ]
  },
  {
    "name": "Currency format",
    "settings": [
      {
        "type": "header",
        "content": "Currency codes"
      },
      {
        "type": "paragraph",
        "content": "Cart and checkout prices always show currency codes. Example: $1.00 USD."
      },
      {
        "type": "checkbox",
        "id": "currency_code_enabled",
        "label": "Show currency codes",
        "default": false
      }
    ]
  },
  {
    "name": "Search",
    "settings": [
      {
        "type": "checkbox",
        "id": "predictive_search_enabled",
        "label": "Enable predictive search",
        "default": true
      },
      {
        "type": "checkbox",
        "id": "search_products",
        "label": "Search products",
        "default": true
      },
      {
        "type": "checkbox",
        "id": "search_collections",
        "label": "Search collections",
        "default": true
      },
      {
        "type": "checkbox",
        "id": "search_articles",
        "label": "Search articles",
        "default": true
      },
      {
        "type": "checkbox",
        "id": "search_pages",
        "label": "Search pages",
        "default": true
      },
      {
        "type": "select",
        "id": "predictive_search_crop",
        "label": "Crop predictive search images",
        "options": [
          {
            "value": "",
            "label": "No crop"
          },
          {
            "value": "aspect-w-4 aspect-h-3",
            "label": "Landscape"
          },
          {
            "value": "aspect-w-1 aspect-h-1",
            "label": "Square"
          },
          {
            "value": "aspect-w-3 aspect-h-4",
            "label": "Portrait"
          }
        ],
        "default": "aspect-w-1 aspect-h-1"
      }
    ]
  },
  {
    "name": "Social media",
    "settings": [
      {
        "type": "header",
        "content": "Sharing options"
      },
      {
        "type": "radio",
        "id": "sharing_display",
        "label": "Display",
        "options": [
          {
            "value": "text",
            "label": "Text"
          },
          {
            "value": "icons",
            "label": "Icons"
          }
        ],
        "default": "text"
      },
      {
        "type": "checkbox",
        "id": "share_facebook",
        "label": "Share on Facebook",
        "default": true
      },
      {
        "type": "checkbox",
        "id": "share_twitter",
        "label": "Tweet on Twitter",
        "default": true
      },
      {
        "type": "checkbox",
        "id": "share_pinterest",
        "label": "Pin on Pinterest",
        "default": true
      },
      {
        "type": "header",
        "content": "Accounts"
      },
      {
        "type": "radio",
        "id": "social_style",
        "label": "Social media display style",
        "options": [
          {
            "value": "text",
            "label": "Text"
          },
          {
            "value": "icons",
            "label": "Icons"
          }
        ],
        "default": "text"
      },
      {
        "type": "text",
        "id": "social_instagram_link",
        "label": "Instagram",
        "info": "https://instagram.com/shopify"
      },
      {
        "type": "text",
        "id": "social_facebook_link",
        "label": "Facebook",
        "info": "https://www.facebook.com/shopify"
      },
      {
        "type": "text",
        "id": "social_twitter_link",
        "label": "Twitter",
        "info": "https://www.twitter.com/shopify"
      },
      {
        "type": "text",
        "id": "social_pinterest_link",
        "label": "Pinterest",
        "info": "https://www.pinterest.com/shopify"
      },
      {
        "type": "text",
        "id": "social_snapchat_link",
        "label": "Snapchat",
        "info": "https://www.snapchat.com/add/shopify"
      },
      {
        "type": "text",
        "id": "social_tiktok_link",
        "label": "TikTok",
        "info": "https://www.tiktok.com/@shopify"
      },
      {
        "type": "text",
        "id": "social_tumblr_link",
        "label": "Tumblr",
        "info": "https://shopify.tumblr.com"
      },
      {
        "type": "text",
        "id": "social_youtube_link",
        "label": "Youtube",
        "info": "https://www.youtube.com/user/shopify"
      },
      {
        "type": "text",
        "id": "social_vimeo_link",
        "label": "Vimeo",
        "info": "https://vimeo.com/shopify"
      },
      {
        "type": "text",
        "id": "social_linkedin_link",
        "label": "LinkedIn",
        "info": "https://www.linkedin.com/in/shopify"
      },
      {
        "type": "text",
        "id": "social_email_link",
        "label": "Email address",
        "info": "info@example.com"
      }
    ]
  },
  {
    "name": "Cart",
    "settings": [
      {
        "type": "select",
        "id": "cart_icon",
        "label": "Icon",
        "default": "bag",
        "options": [
          {
            "value": "bag",
            "label": "Bag"
          },
          {
            "value": "cart",
            "label": "Cart"
          }
        ]
      },
      {
        "type": "checkbox",
        "id": "cart_notes_enable",
        "label": "Enable cart notes",
        "default": true
      },
      {
        "type": "checkbox",
        "id": "enable_accelerated_checkout",
        "label": "Enable accelerated checkout buttons",
        "info": "Disable this if you’d like the buttons to appear on your checkout page. [Learn more](https://help.shopify.com/en/manual/payments/accelerated-checkouts)",
        "default": true
      },
      {
        "type": "checkbox",
        "id": "cart_vendor_enable",
        "label": "Show product vendor"
      },
      {
        "type": "select",
        "id": "cart_type",
        "label": "Cart type",
        "options": [
          {
            "value": "modal",
            "label": "Modal"
          },
          {
            "value": "page",
            "label": "Page"
          }
        ]
      },
      {
        "type": "checkbox",
        "id": "open_modal_on_add_to_cart",
        "label": "Open modal when product is added to cart",
        "info": "Add to cart behaviour when cart type is set to modal",
        "default": true
      }
    ]
  },
  {
    "name": "Cursor",
    "settings": [
      {
        "type": "image_picker",
        "id": "custom_cursor",
        "label": "Custom cursor",
        "info": "Will be scaled down to 32 x 32px"
      },
      {
        "type": "checkbox",
        "id": "enable_custom_cursor_default",
        "label": "Enable as default cursor",
        "default": true
      },
      {
        "type": "checkbox",
        "id": "enable_custom_cursor_links",
        "label": "Enable for links",
        "default": true
      },
      {
        "type": "header",
        "content": "Cursor hotspot"
      },
      {
        "type": "paragraph",
        "content": "X and Y coordinates indicating the cursor hotspot; the precise position within the cursor that is being pointed to."
      },
      {
        "type": "range",
        "id": "cursor_x_position",
        "min": 0,
        "max": 32,
        "step": 1,
        "unit": "px",
        "label": "X position",
        "default": 0
      },
      {
        "type": "range",
        "id": "cursor_y_position",
        "min": 0,
        "max": 32,
        "step": 1,
        "unit": "px",
        "label": "Y position",
        "default": 0
      }
    ]
  },
  {
    "name": "Favicon",
    "settings": [
      {
        "type": "image_picker",
        "id": "favicon",
        "label": "Favicon image",
        "info": "Will be scaled down to 32 x 32px"
      }
    ]
  }
]
